Lake;Date;Depth_m;PAR;Temperature_C;Oxygen_mgL
1;2017-05-30;0.5;446.3;12.1;9.95
1;2017-05-30;1;301;12;9.9
1;2017-05-30;1.5;177.75;10;9.25
1;2017-05-30;2;122.44;7.6;7.43
1;2017-05-30;2.5;62.6;5.7;4.95
1;2017-05-30;3;48.56;4.7;4.37
1;2017-05-30;4;13.18;4.2;1.55
1;2017-05-30;5;1.84;4.2;0.49
1;2017-05-30;6;;4.2;-0.06
1;2017-05-30;7;;4.2;-0.08
1;2017-05-30;8;;4.2;-0.01
2;2017-05-30;0.5;266.9;12.8;9.99
2;2017-05-30;1;144.82;12.1;9.99
2;2017-05-30;1.5;106.81;10.2;9
2;2017-05-30;2;61.48;6.1;6.75
2;2017-05-30;2.5;40.37;5;5.77
2;2017-05-30;3;32.44;4.5;5.4
2;2017-05-30;4;10.2;4.1;2.85
2;2017-05-30;5;0.11;4;1.8
2;2017-05-30;6;;4;1
2;2017-05-30;7;;4.1;-0.1
2;2017-05-30;8;;4.2;-0.015
2;2017-06-20;0;312.7;17.3;9.16
2;2017-06-20;0.2;;;
2;2017-06-20;0.5;77.63;17.4;9.15
2;2017-06-20;1;23.82;17.4;9.1
2;2017-06-20;1.5;11.41;16.4;8.74
2;2017-06-20;2;3.65;11.2;7.13
2;2017-06-20;2.5;1.27;8.2;5.72
2;2017-06-20;3;0.36;6.3;4.96
2;2017-06-20;4;;4.8;2.84
2;2017-06-20;5;;4.3;1.64
2;2017-06-20;6;;4.2;0
2;2017-06-20;7;;4.2;-0.08
2;2017-06-20;8;;4.2;-0.12
1;2017-07-10;0;649.1;18.1;9.17
1;2017-07-10;0.2;250.7;;
1;2017-07-10;0.5;82.63;17.9;9.15
1;2017-07-10;1;41.59;16.9;9.22
1;2017-07-10;1.5;22.86;15.8;9.15
1;2017-07-10;2;8.56;14.3;8.9
1;2017-07-10;2.5;3.18;11.9;5.56
1;2017-07-10;3;1.26;8.5;2.86
1;2017-07-10;4;0.48;5.3;0
1;2017-07-10;5;0.1;4.5;-0.8
1;2017-07-10;6;0.03;4.4;-0.11
1;2017-07-10;7;0;4.3;-0.13
1;2017-07-10;8;0;4.3;-0.14
2;2017-07-10;0;539.9;17.9;9.14
2;2017-07-10;0.2;349.4;;
2;2017-07-10;0.5;177.3;17.7;9.15
2;2017-07-10;1;54.02;17.1;9.18
2;2017-07-10;1.5;14.73;15.1;9.04
2;2017-07-10;2;5.97;13.6;8.5
2;2017-07-10;2.5;1.14;10.2;5.71
2;2017-07-10;3;0.47;7.4;4.43
2;2017-07-10;4;0.04;4.9;2.3
2;2017-07-10;5;0;4.3;0.33
2;2017-07-10;6;;4.2;0
2;2017-07-10;7;;4.2;-0.9
2;2017-07-10;8;;4.2;-0.1
1;2017-07-31;0;306.8;20.4;8.95
1;2017-07-31;0.2;147.28;;
1;2017-07-31;0.5;44.84;19.6;8.92
1;2017-07-31;1;28.19;19;8.91
1;2017-07-31;1.5;21.49;17.8;8.95
1;2017-07-31;2;8.57;16;8.61
1;2017-07-31;2.5;4.38;13.3;5.84
1;2017-07-31;3;1.88;10.6;2.55
1;2017-07-31;4;0.88;6;-0.2
1;2017-07-31;5;0.34;4.9;-0.21
1;2017-07-31;6;0.14;4.6;-0.18
1;2017-07-31;7;0.09;4.5;-0.24
1;2017-07-31;8;0;4.4;-0.25
2;2017-07-31;0;306.9;20.6;8.9
2;2017-07-31;0.2;123.3;;
2;2017-07-31;0.5;54.8;19;9
2;2017-07-31;1;22.48;18.2;9
2;2017-07-31;1.5;11.44;17.5;8.42
2;2017-07-31;2;4.97;15;7.47
2;2017-07-31;2.5;1.92;12.6;5.21
2;2017-07-31;3;0.73;10;3.92
2;2017-07-31;4;0.07;6.3;1.75
2;2017-07-31;5;0.02;4.6;0.13
2;2017-07-31;6;0;4.4;-0.1
2;2017-07-31;7;;4.3;-0.14
2;2017-07-31;8;;4.3;-0.15
1;2017-08-21;0;264;16.5;9.28
1;2017-08-21;0.2;192;;
1;2017-08-21;0.5;97;16.4;9.26
1;2017-08-21;1;48;16.3;9.24
1;2017-08-21;1.5;23;16.2;9.16
1;2017-08-21;2;11.3;15.5;8.72
1;2017-08-21;2.5;5.9;13.9;4.45
1;2017-08-21;3;2.55;11;1.03
1;2017-08-21;4;0.68;7.7;0.1
1;2017-08-21;5;0.31;5.7;-0.06
1;2017-08-21;6;0.13;5.1;-0.08
1;2017-08-21;7;0.04;4.7;-0.11
1;2017-08-21;8;0.02;4.5;-0.13
2;2017-08-21;0;441.3;16.3;9.33
2;2017-08-21;0.2;179.48;;
2;2017-08-21;0.5;117.17;16.2;9.35
2;2017-08-21;1;67.22;16.2;9.35
2;2017-08-21;1.5;29.3;15.7;9.02
2;2017-08-21;2;12.79;14.8;7.95
2;2017-08-21;2.5;5.13;12.7;4.27
2;2017-08-21;3;2.26;9.9;3.15
2;2017-08-21;4;0.4;6.7;1.58
2;2017-08-21;5;0.09;4.9;-0.04
2;2017-08-21;6;0.01;4.4;-0.14
2;2017-08-21;7;0;4.3;-0.18
2;2017-08-21;8;0;4.3;-0.19
1;2017-09-12;0;72.64;12.3;9.81
1;2017-09-12;0.2;41.1;;
1;2017-09-12;0.5;16.06;12.2;9.75
1;2017-09-12;1;5.2;12.1;9.5
1;2017-09-12;1.5;1.26;11.4;9.22
1;2017-09-12;2;1.03;11.3;9.05
1;2017-09-12;2.5;0.9;11.2;9.01
1;2017-09-12;3;0.22;10.9;8.55
1;2017-09-12;4;;8;0.13
1;2017-09-12;5;;6;0.02
1;2017-09-12;6;;5.1;-0.05
1;2017-09-12;7;;4.7;-0.08
1;2017-09-12;8;;4.6;-0.09
2;2017-09-12;0;56.49;12;9.82
2;2017-09-12;0.2;19.18;;
2;2017-09-12;0.5;-7.25;12;9.8
2;2017-09-12;1;-14.97;12;9.8
2;2017-09-12;1.5;-19.35;11.8;9.64
2;2017-09-12;2;-21.58;11.5;9.52
2;2017-09-12;2.5;-21.77;11.3;9.05
2;2017-09-12;3;-24.96;10.6;6.11
2;2017-09-12;4;-25.04;7.2;1.06
2;2017-09-12;5;-25.68;5.5;0.05
2;2017-09-12;6;;4.7;-0.04
2;2017-09-12;7;;4.5;-0.06
1;2017-09-15;0;340;;
1;2017-09-15;0.2;225.7;;
1;2017-09-15;0.5;125.77;;
1;2017-09-15;1;41;;
1;2017-09-15;1.5;19.62;;
1;2017-09-15;2;9.72;;
1;2017-09-15;2.5;5.25;;
1;2017-09-15;3;2.65;;
2;2017-09-15;0;188.79;;
2;2017-09-15;0.2;124.46;;
2;2017-09-15;0.5;62.05;;
2;2017-09-15;1;20.59;;
2;2017-09-15;1.5;7.23;;
2;2017-09-15;2;2.98;;
2;2017-09-15;2.5;1.43;;
2;2017-09-15;3;0.61;;
1;2017-10-02;0;24;8.7;8.87
1;2017-10-02;0.2;9.49;;
1;2017-10-02;0.5;3.27;8.7;8.85
1;2017-10-02;1;1.44;8.7;8.83
1;2017-10-02;1.5;0.59;8.7;8.81
1;2017-10-02;2;0;8.7;8.8
1;2017-10-02;2.5;0;8.7;8.77
1;2017-10-02;3;0;8.7;8.71
1;2017-10-02;4;0;8.1;0.29
1;2017-10-02;5;0;6;0.03
1;2017-10-02;6;0;5;-0.06
1;2017-10-02;7;0;4.6;-0.12
1;2017-10-02;8;0;4.5;-0.16
2;2017-10-02;0;;8.8;0.74
2;2017-10-02;0.2;25.1;;
2;2017-10-02;0.5;7.77;8.7;8.8
2;2017-10-02;1;3.11;8.7;8.8
2;2017-10-02;1.5;1.5;8.6;8.75
2;2017-10-02;2;0.41;8.6;8.74
2;2017-10-02;2.5;0.19;8.6;8.62
2;2017-10-02;3;0;8.6;8.04
2;2017-10-02;4;0;7.6;0.43
2;2017-10-02;5;0;5.5;0.04
2;2017-10-02;6;0;4.7;-0.13
2;2017-10-02;7;0;4.4;-0.17
2;2017-10-02;8;0;4.3;-0.19
1;2018-01-29;0.5;;1;7.82
1;2018-01-29;1;;1.8;7.93
1;2018-01-29;1.5;;2.4;7.9
1;2018-01-29;2;;2.5;7.8
1;2018-01-29;2.5;;2.9;7.61
1;2018-01-29;3;;3.1;6.52
1;2018-01-29;4;;3.3;6.01
1;2018-01-29;5;;3.4;5.79
1;2018-01-29;6;;3.6;1.62
1;2018-01-29;7;;3.6;0.08
1;2018-01-29;8;;3.9;-0.09
2;2018-01-29;0.5;;1;7.78
2;2018-01-29;1;;1.8;7.81
2;2018-01-29;1.5;;2.3;8.04
2;2018-01-29;2;;2.8;7.08
2;2018-01-29;2.5;;3;7.57
2;2018-01-29;3;;3.2;7.2
2;2018-01-29;3.5;;3.3;6.97
2;2018-01-29;4.5;;3.6;6.16
2;2018-01-29;5.5;;3.7;4.68
2;2018-01-29;6.5;;3.9;1.72
2;2018-01-29;7.5;;4;0.08
1;2018-05-18;0;1420.6;15.7;10.06
1;2018-05-18;0.2;862.6;;
1;2018-05-18;0.5;431.4;15.5;10.08
1;2018-05-18;1;150.98;15.1;10.01
1;2018-05-18;1.5;54.26;10.08;10.55
1;2018-05-18;2;20.33;7.6;8.04
1;2018-05-18;2.5;8.15;5.3;6.9
1;2018-05-18;3;3.54;4.6;6.55
1;2018-05-18;4;1.48;4.1;4.88
1;2018-05-18;5;0.1;3.8;0
1;2018-05-18;6;0.05;3.8;0
1;2018-05-18;7;0.01;3.9;0
2;2018-05-18;0;1363;16.4;10.08
2;2018-05-18;0.2;843;;
2;2018-05-18;0.5;380.2;16.3;10.01
2;2018-05-18;1;124.58;13.4;10.55
2;2018-05-18;1.5;40.58;9.3;8.15
2;2018-05-18;2;13.51;6.8;6.98
2;2018-05-18;2.5;4.83;5.8;6.61
2;2018-05-18;3;1.71;5.2;6.42
2;2018-05-18;4;0.25;4.7;6.12
2;2018-05-18;5;0.05;4.4;5.65
2;2018-05-18;6;0.02;4.1;4
2;2018-05-18;7;0;4.1;0
1;2018-06-18;0;249.7;16.2;9.51
1;2018-06-18;0.2;125.79;;
1;2018-06-18;0.5;64.87;16.3;9.46
1;2018-06-18;1;28.01;15.7;9.35
1;2018-06-18;1.5;14.68;14.1;9.15
1;2018-06-18;2;6.1;11.7;6.78
1;2018-06-18;2.5;;;
1;2018-06-18;3;1.65;6.4;5.28
1;2018-06-18;4;0.43;4.3;2.73
1;2018-06-18;5;0.08;4;0.42
1;2018-06-18;6;0.02;3.9;0.05
1;2018-06-18;7;0;3.9;0.03
1;2018-06-18;8;;4;0
2;2018-06-18;0;108.13;16.1;9.46
2;2018-06-18;0.2;52.71;;
2;2018-06-18;0.5;22.97;16.2;9.42
2;2018-06-18;1;8.89;16.1;9.41
2;2018-06-18;1.5;3.91;13.8;9.09
2;2018-06-18;2;1.92;11.4;8.35
2;2018-06-18;2.5;;;
2;2018-06-18;3;0.56;6.7;5.05
2;2018-06-18;4;0.13;4.9;5.13
2;2018-06-18;5;0.02;4.4;4.48
2;2018-06-18;6;0;4.2;2.47
2;2018-06-18;7;;4.1;0.2
2;2018-06-18;8;;4.1;0.09
1;2018-07-09;0;1368.3;19.4;8.61
1;2018-07-09;0.2;816;;
1;2018-07-09;0.5;375.5;19.2;8.64
1;2018-07-09;1;142.33;19.1;8.64
1;2018-07-09;1.5;56.99;17.7;8.49
1;2018-07-09;2;24.7;14.4;7.6
1;2018-07-09;2.5;10.95;10.9;5.6
1;2018-07-09;3;4.04;7.7;4.02
1;2018-07-09;4;0.79;5;1.46
1;2018-07-09;5;0.13;4.2;0.04
1;2018-07-09;6;0.06;4;-0.02
1;2018-07-09;7;0.02;4;-0.05
2;2018-07-09;0;1471.2;19.8;8.84
2;2018-07-09;0.2;821;;
2;2018-07-09;0.5;400.7;19.7;8.81
2;2018-07-09;1;133;18.6;8.76
2;2018-07-09;1.5;56.16;17.4;8.5
2;2018-07-09;2;21.34;14.1;7.79
2;2018-07-09;2.5;9.11;10.9;4.61
2;2018-07-09;3;3.65;8.1;4.37
2;2018-07-09;4;0.58;5.5;4.44
2;2018-07-09;5;0.1;4.5;4.02
2;2018-07-09;6;0.03;4.2;0.31
2;2018-07-09;7;0.01;4.2;0.05
2;2018-07-09;8;0.01;4.1;0.02
1;2018-07-30;0;179.2;21.9;8.25
1;2018-07-30;0.2;125.1;---------;---------
1;2018-07-30;0.5;57.8;21.9;8.22
1;2018-07-30;1;22.4;21.9;8.12
1;2018-07-30;1.5;7.6;21.5;7.65
1;2018-07-30;2;3.4;17.3;6.55
1;2018-07-30;2.5;1.8;12.7;4.16
1;2018-07-30;3;0.7;9.2;3.39
1;2018-07-30;4;0.3;5.9;0.78
1;2018-07-30;5;0.2;4.6;0.13
1;2018-07-30;6;0;4.2;0.05
1;2018-07-30;7;;4.1;0.04
2;2018-07-30;0;213.9;21.8;8.13
2;2018-07-30;0.2;62.14;;
2;2018-07-30;0.5;26.39;21.8;8.1
2;2018-07-30;1;9.51;21.8;7.99
2;2018-07-30;1.5;3.52;20.5;7.56
2;2018-07-30;2;1.31;16.4;6.33
2;2018-07-30;2.5;0.49;12.5;3.68
2;2018-07-30;3;0.08;9.2;3.71
2;2018-07-30;4;0;5.7;4.07
2;2018-07-30;5;;4.6;2.82
2;2018-07-30;6;;4.3;0.13
2;2018-07-30;7;;4.2;0.06
2;2018-07-30;8;;4.2;0.03
1;2018-08-20;0;352.3;16;9.2
1;2018-08-20;0.2;;;
1;2018-08-20;0.5;224.6;15.9;9.2
1;2018-08-20;1;103;15.6;9.09
1;2018-08-20;1.5;45.64;15.6;9.01
1;2018-08-20;2;22.78;15.5;8.68
1;2018-08-20;2.5;5.03;14.6;4.19
1;2018-08-20;3;1.37;10.8;2.4
1;2018-08-20;4;0.43;6.5;0.65
1;2018-08-20;5;;5;0.25
1;2018-08-20;6;;4.4;0.17
1;2018-08-20;7;;4.2;0.13
1;2018-08-20;8;;4.2;0.1
2;2018-08-20;0;1364.6;14.4;9.09
2;2018-08-20;0.2;740.7;;
2;2018-08-20;0.5;330.7;14.4;9.12
2;2018-08-20;1;122.65;14.4;9.12
2;2018-08-20;1.5;47.8;14.4;9.12
2;2018-08-20;2;19.4;14.4;8.99
2;2018-08-20;2.5;5.99;13.9;7.5
2;2018-08-20;3;1.15;11.3;2.49
2;2018-08-20;4;0.36;6.8;3.08
2;2018-08-20;5;;5;1.88
2;2018-08-20;6;;4.4;0.03
2;2018-08-20;7;;4.3;-0.01
2;2018-08-20;8;;4.2;-0.03
1;2018-09-10;0;985.1;13.6;9.67
1;2018-09-10;0.2;681.5;;
1;2018-09-10;0.5;307.5;13.4;9.82
1;2018-09-10;1;113.41;13.4;9.76
1;2018-09-10;1.5;46.86;13.4;9.72
1;2018-09-10;2;19.26;13.3;9.42
1;2018-09-10;2.5;8.97;12.6;7.52
1;2018-09-10;3;2.48;11.2;2.14
1;2018-09-10;4;0.26;8.4;0.6
1;2018-09-10;5;0.18;5.8;0.15
1;2018-09-10;6;0.05;5;0.03
1;2018-09-10;7;0;4.6;-0.03
1;2018-09-10;8;;4.5;-0.07
2;2018-09-10;0;1130.5;13.5;9.76
2;2018-09-10;0.2;630.7;;
2;2018-09-10;0.5;262.3;13.6;9.71
2;2018-09-10;1;103.79;13.5;9.66
2;2018-09-10;1.5;35.61;13.5;9.62
2;2018-09-10;2;14.89;13.5;9.59
2;2018-09-10;2.5;9.52;12.7;7.05
2;2018-09-10;3;1.76;11.3;3.62
2;2018-09-10;4;0.22;7.7;2.72
2;2018-09-10;5;0.04;5.8;1.8
2;2018-09-10;6;0;5;0.6
2;2018-09-10;7;;4.7;0.19
2;2018-09-10;8;;4.5;0.02
2;2018-09-13;0;;;
1;2018-09-28;0;715.2;7.3;8.81
1;2018-09-28;0.2;172.61;;
1;2018-09-28;0.5;41.96;7.2;8.8
1;2018-09-28;1;13.84;7.1;8.77
1;2018-09-28;1.5;6.81;7.1;8.75
1;2018-09-28;2;2.11;7.1;8.71
1;2018-09-28;2.5;0.35;7;8.73
1;2018-09-28;3;0.16;7;8.71
1;2018-09-28;4;0.04;7;8.71
1;2018-09-28;5;;6.8;7.03
1;2018-09-28;6;;4.6;0.15
1;2018-09-28;7;;4.4;0.09
1;2018-09-28;8;;4.3;0.06
2;2018-09-28;0;500;7;8.72
2;2018-09-28;0.2;191.1;;
2;2018-09-28;0.5;90.89;7;8.61
2;2018-09-28;1;31.36;7;8.5
2;2018-09-28;1.5;8.89;7;8.46
2;2018-09-28;2;3.04;7;8.45
2;2018-09-28;2.5;1.15;7;8.45
2;2018-09-28;3;0.18;7;8.47
2;2018-09-28;4;0.02;7;8.51
2;2018-09-28;5;;7;8.51
2;2018-09-28;6;;5.3;0.59
2;2018-09-28;7;;4.4;0.05
2;2018-09-28;8;;4.3;0
1;2019-05-23;0;286.5;14;9.81
1;2019-05-23;0.2;153;;
1;2019-05-23;0.5;70.24;14.2;9.7
1;2019-05-23;1;21.02;10.2;8.75
1;2019-05-23;1.5;7.1;6.7;7.3
1;2019-05-23;2;2.58;5.5;6.32
1;2019-05-23;2.5;1.13;4.8;6.05
1;2019-05-23;3;0.5;4.5;5.89
1;2019-05-23;4;0.13;4.3;5.7
1;2019-05-23;5;0.02;4.2;5.26
1;2019-05-23;6;;4.2;4.45
1;2019-05-23;7;;4.2;0.1
2;2019-05-23;0;205.7;14.6;9.83
2;2019-05-23;0.2;70.54;;
2;2019-05-23;0.5;40.66;14.7;9.81
2;2019-05-23;1;16.26;13.5;9.96
2;2019-05-23;1.5;5.66;7;8.88
2;2019-05-23;2;1.96;6.3;8.26
2;2019-05-23;2.5;0.84;5.6;7.84
2;2019-05-23;3;0.36;5.3;7.73
2;2019-05-23;4;0.05;5;7.51
2;2019-05-23;5;;4.7;6.55
2;2019-05-23;6;;4.3;3.73
2;2019-05-23;7;;4.1;0.07
1;2019-06-17;0;188.14;20.3;8.95
1;2019-06-17;0.2;91.19;;
1;2019-06-17;0.5;50.79;19.7;9.21
1;2019-06-17;1;22.68;15.8;9.4
1;2019-06-17;1.5;8;13.3;9.1
1;2019-06-17;2;3.72;9.5;6.1
1;2019-06-17;2.5;1.38;;
1;2019-06-17;3;0.68;5.7;4.65
1;2019-06-17;4;;4.6;4.53
1;2019-06-17;5;;4.3;3.75
1;2019-06-17;6;;4.3;0.2
1;2019-06-17;7;;4.2;0
2;2019-06-17;0;156.02;21.5;9.24
2;2019-06-17;0.2;8037;;
2;2019-06-17;0.5;45.48;20.3;9.36
2;2019-06-17;1;16.31;16.5;9.48
2;2019-06-17;1.5;8.44;13.1;9.52
2;2019-06-17;2;4.69;9.8;8.19
2;2019-06-17;2.5;3.08;;
2;2019-06-17;3;0.68;6.4;6.95
2;2019-06-17;4;0.09;5.2;6.43
2;2019-06-17;5;;4.7;5.35
2;2019-06-17;6;;4.4;0.45
2;2019-06-17;7;;4.2;0.14
1;2019-07-08;0;309.4;15.7;9.72
1;2019-07-08;0.2;98.44;;
1;2019-07-08;0.5;46.94;16;9.67
1;2019-07-08;1;21.98;16;9.64
1;2019-07-08;1.5;6.68;16;9.6
1;2019-07-08;2;3.7;12.8;7.3
1;2019-07-08;2.5;1.37;9.5;5.24
1;2019-07-08;3;0.48;7.5;4.61
1;2019-07-08;4;;5.5;4.07
1;2019-07-08;5;;5.1;5.83
1;2019-07-08;6;;5;8.52
1;2019-07-08;7;;4.9;9.17
1;2019-07-08;8;;4.9;2.12
2;2019-07-08;0;81.22;15.4;9.83
2;2019-07-08;0.2;26.08;;
2;2019-07-08;0.5;14.4;16.3;9.67
2;2019-07-08;1;5.98;16.4;9.63
2;2019-07-08;1.5;3.18;16.1;9.43
2;2019-07-08;2;1.39;14.2;8.71
2;2019-07-08;2.5;0.57;11;7.16
2;2019-07-08;3;0.38;8.2;6.35
2;2019-07-08;4;;6.2;6.11
2;2019-07-08;5;;5.3;5.62
2;2019-07-08;6;;4.8;2.3
2;2019-07-08;7;;4.5;0.92
2;2019-07-08;8;;4.4;0.55
1;2019-07-30;0;442.3;18.7;8.48
1;2019-07-30;0.2;184.26;;
1;2019-07-30;0.5;71.51;18.8;8.46
1;2019-07-30;1;59.85;18.8;8.43
1;2019-07-30;1.5;21.44;18.7;8.34
1;2019-07-30;2;9.08;14.1;5.5
1;2019-07-30;2.5;4.02;11.2;3.43
1;2019-07-30;3;2.13;7.9;2.81
1;2019-07-30;4;0.48;5.3;3.08
1;2019-07-30;5;0.12;5;6.22
1;2019-07-30;6;;4.9;7.95
1;2019-07-30;7;;4.9;7.33
2;2019-07-30;0;343;19.2;8.38
2;2019-07-30;0.2;185.96;;
2;2019-07-30;0.5;101.32;19.3;8.36
2;2019-07-30;1;41.88;19.3;8.33
2;2019-07-30;1.5;13.91;18.2;7.8
2;2019-07-30;2;5.93;14.7;6.8
2;2019-07-30;2.5;2.68;11.7;5.25
2;2019-07-30;3;1.09;9.2;5
2;2019-07-30;4;0.23;6.3;5.13
2;2019-07-30;5;;4.9;3.84
2;2019-07-30;6;;4.4;0.24
2;2019-07-30;7;;4.3;0.12
2;2019-07-30;8;;4.3;0.08
1;2019-08-20;0;461.3;17.4;8.81
1;2019-08-20;0.2;239.4;;
1;2019-08-20;0.5;135.49;16.8;8.7
1;2019-08-20;1;50.12;16.5;8.69
1;2019-08-20;1.5;21.1;16.1;8.68
1;2019-08-20;2;9.64;14.8;7.25
1;2019-08-20;2.5;3.59;12.7;3.72
1;2019-08-20;3;1.34;10;2.69
1;2019-08-20;4;0.22;6.6;3.09
1;2019-08-20;5;;5.7;7.75
1;2019-08-20;6;;5.4;8.33
1;2019-08-20;7;;5.3;8.09
1;2019-08-20;8;;5.2;5.26
2;2019-08-20;0;345.3;17.7;8.34
2;2019-08-20;0.2;223.7;;
2;2019-08-20;0.5;103.43;17;8.5
2;2019-08-20;1;35.57;16.4;8.54
2;2019-08-20;1.5;13.61;16.2;8.56
2;2019-08-20;2;5.08;15.2;7.27
2;2019-08-20;2.5;2.1;13;4.8
2;2019-08-20;3;0.79;9.6;4.37
2;2019-08-20;4;0.12;7;4.34
2;2019-08-20;5;;5.3;3.5
2;2019-08-20;6;;4.9;1
2;2019-08-20;7;;4.5;0.21
2;2019-08-20;8;;4.4;0.01
1;2019-09-10;0;26.49;13.3;8.83
1;2019-09-10;0.2;21.33;;
1;2019-09-10;0.5;10.63;13;8.71
1;2019-09-10;1;4.2;12.5;8.32
1;2019-09-10;1.5;1.52;12.3;8.25
1;2019-09-10;2;91;12.2;8.27
1;2019-09-10;2.5;0.44;11.9;7.8
1;2019-09-10;3;0.17;10.4;1.82
1;2019-09-10;4;;6.9;2.5
1;2019-09-10;5;;5.8;8.85
1;2019-09-10;6;;5.5;9.01
2;2019-09-10;0;29.92;13.4;8.62
2;2019-09-10;0.2;17.64;;
2;2019-09-10;0.5;8.43;13.2;8.59
2;2019-09-10;1;2.82;12.7;8.32
2;2019-09-10;1.5;1.58;12.5;8.36
2;2019-09-10;2;0.72;12.3;8.4
2;2019-09-10;2.5;0.25;12.2;8.08
2;2019-09-10;3;0.12;10.3;3.68
2;2019-09-10;4;;7.3;3.42
2;2019-09-10;5;;5.5;2.4
2;2019-09-10;6;;4.7;0
2;2019-09-10;7;;4.5;0
1;2019-10-01;0;16.46;6.7;9.3
1;2019-10-01;0.2;8.36;;
1;2019-10-01;0.5;4.62;6.6;9.1
1;2019-10-01;1;1.6;6.6;9.1
1;2019-10-01;1.5;0.69;6.6;9
1;2019-10-01;2;0.42;6.6;9
1;2019-10-01;2.5;0.2;;
1;2019-10-01;3;;6.6;9
1;2019-10-01;4;;6.6;8.9
1;2019-10-01;5;;6.1;8.4
1;2019-10-01;6;;5.4;7.3
1;2019-10-01;7;;5.2;4.5
2;2019-10-01;0;19.42;7;9.07
2;2019-10-01;0.2;10.84;;
2;2019-10-01;0.5;3.12;7;8.98
2;2019-10-01;1;2.06;6.9;8.94
2;2019-10-01;1.5;0.82;6.9;8.93
2;2019-10-01;2;0.34;6.9;9
2;2019-10-01;2.5;0.17;6.9;9
2;2019-10-01;3;;6.9;9
2;2019-10-01;4;;6.8;7.8
2;2019-10-01;5;;5.6;1.5
2;2019-10-01;6;;4.7;0.1
2;2019-10-01;7;;4.5;0
1;2019-07-19;0;;21.2;8.82
1;2019-07-19;0.2;;;
1;2019-07-19;0.5;;;
1;2019-07-19;1;;18;8.83
1;2019-07-19;1.5;;;
1;2019-07-19;2;;14;6.25
1;2019-07-19;2.5;;;
1;2019-07-19;3;;7.9;3.44
1;2019-07-19;4;;5.7;3.33
1;2019-07-19;5;;5;4.58
1;2019-07-19;6;;4.9;7.45
1;2019-07-19;7;;4.8;7.23
2;2019-05-17;0;2035;15.5;10.19
2;2019-05-17;0.2;620.3;13.6;10
2;2019-05-17;0.5;243.8;12.3;10.01
2;2019-05-17;1;71.61;6.4;9.53
2;2019-05-17;1.5;29.18;7.6;9.36
2;2019-05-17;2;9.79;6.5;9.1
2;2019-05-17;2.5;3.89;5.8;8.33
2;2019-05-17;3;1.6;5.4;8.14
2;2019-05-17;4;0.29;5.1;8.05
2;2019-05-17;5;0.05;5;7.88
2;2019-05-17;6;0.01;4.3;3.86
2;2019-05-17;7;;4.2;0.73
2;2019-05-17;8;;4.1;0.32
1;2019-05-17;0;1922.6;14.2;10.11
1;2019-05-17;0.2;463.4;14.4;9.91
1;2019-05-17;0.5;219.5;12.4;9.56
1;2019-05-17;1;66.72;7.5;7.78
1;2019-05-17;1.5;21.11;5.7;7.21
1;2019-05-17;2;;4.9;6.63
1;2019-05-17;2.5;3.81;4.6;6.39
1;2019-05-17;3;1.52;4.4;6.27
1;2019-05-17;4;0.3;4.3;6.05
1;2019-05-17;5;0.05;4.2;5.84
1;2019-05-17;6;0.01;4.2;5.27
1;2019-05-17;7;;4.2;0.32
2;2019-05-19;0;2035;;
2;2019-05-19;0.2;620.3;;
2;2019-05-19;0.5;243.8;;
2;2019-05-19;1;71.61;;
2;2019-05-19;1.5;29.18;;
2;2019-05-19;2;9.79;;
2;2019-05-19;2.5;3.89;;
2;2019-05-19;3;1.6;;
2;2019-05-19;4;0.29;;
2;2019-05-19;5;0.05;;
2;2019-05-19;6;0.01;;
2;2019-05-19;7;;;
2;2019-05-19;8;;;
1;2019-05-19;0;1922.6;;
1;2019-05-19;0.2;463.4;;
1;2019-05-19;0.5;219.5;;
1;2019-05-19;1;66.72;;
1;2019-05-19;1.5;21.11;;
1;2019-05-19;2;;;
1;2019-05-19;2.5;3.81;;
1;2019-05-19;3;1.52;;
1;2019-05-19;4;0.3;;
1;2019-05-19;5;0.05;;
1;2019-05-19;6;0.01;;
1;2019-05-19;7;;;
2;2019-10-25;0;36.63;3.7;9.24
2;2019-10-25;0.2;20.3;;
2;2019-10-25;0.5;8.3;3.6;9.2
2;2019-10-25;1;2.4;3.6;9.29
2;2019-10-25;1.5;0.63;3.6;9.11
2;2019-10-25;2;0.24;3.7;9.05
2;2019-10-25;2.5;;3.8;8.87
2;2019-10-25;3;;3.8;8.82
2;2019-10-25;4;;3.8;8.76
2;2019-10-25;5;;3.9;8.66
2;2019-10-25;6;;4.3;8.05
2;2019-10-25;7;;4.2;0.02
2;2019-10-25;8;;;0.01
1;2019-10-25;0;26.6;2.5;10.7
1;2019-10-25;0.2;11.35;;
1;2019-10-25;0.5;4.79;2.9;10.5
1;2019-10-25;1;1.79;3.1;10.28
1;2019-10-25;1.5;0.59;3.3;10.14
1;2019-10-25;2;0.23;3.6;10.04
1;2019-10-25;2.5;;3.7;10
1;2019-10-25;3;;3.7;9.95
1;2019-10-25;4;;3.7;9.88
1;2019-10-25;5;;3.8;9.83
1;2019-10-25;6;;3.8;9.47
1;2019-10-25;7;;3.8;9.23
1;2019-10-25;7.5;;3.9;8.62
1;2019-11-04;0;;1.1;12.08
1;2019-11-04;0.5;;2.5;10.69
1;2019-11-04;1;;3.3;9.88
1;2019-11-04;1.5;;3.5;9.76
1;2019-11-04;2;;3.5;9.83
1;2019-11-04;2.5;;3.5;9.81
1;2019-11-04;3;;3.7;9.78
1;2019-11-04;3.5;;3.7;9.78
1;2019-11-04;4;;3.7;9.74
1;2019-11-04;5;;3.8;9.54
1;2019-11-04;6;;3.8;9.13
1;2019-11-04;7;;3.9;6.97
1;2019-11-04;7.5;;4;5.55
1;2019-11-04;8;;4.1;3.38
2;2019-11-04;0;;1.3;9.64
2;2019-11-04;0.5;;2.4;9.26
2;2019-11-04;1;;3.3;8.75
2;2019-11-04;1.5;;3.5;8.59
2;2019-11-04;2;;3.7;8.41
2;2019-11-04;2.5;;3.7;8.34
2;2019-11-04;3;;3.7;8.29
2;2019-11-04;3.5;;3.8;8.22
2;2019-11-04;4;;3.8;8.18
2;2019-11-04;5;;3.8;8
2;2019-11-04;6;;3.8;7.58
2;2019-11-04;7;;3.9;6.43
2;2019-11-04;8;;4.1;2.16
1;2019-11-19;0.5;;2.5;10.19
1;2019-11-19;1;;3.1;9.69
1;2019-11-19;1.5;;3.4;9.64
1;2019-11-19;2;;3.6;9.58
1;2019-11-19;2.5;;3.6;9.54
1;2019-11-19;3;;3.7;9.45
1;2019-11-19;4;;3.7;9.1
1;2019-11-19;5;;3.7;8.83
1;2019-11-19;6;;3.8;7.27
1;2019-11-19;7;;3.9;5.28
1;2019-11-19;7.5;;4;1.83
1;2019-11-19;8;;4.1;0
2;2019-11-19;0.5;;1.6;9.24
2;2019-11-19;1;;2.8;8.61
2;2019-11-19;1.5;;3.4;8.42
2;2019-11-19;2;;3.6;8.34
2;2019-11-19;2.5;;3.7;8.29
2;2019-11-19;3;;3.7;8.19
2;2019-11-19;4;;3.8;7.69
2;2019-11-19;5;;3.8;7.32
2;2019-11-19;6;;3.9;6.82
2;2019-11-19;7;;4;5.48
2;2019-11-19;8;;4.1;2.01
1;2019-11-25;0.5;;1.2;11.46
1;2019-11-25;1;;2.7;10.08
1;2019-11-25;1.5;;3.3;9.84
1;2019-11-25;2;;3.6;9.72
1;2019-11-25;2.5;;3.7;9.46
1;2019-11-25;3;;3.7;9.25
1;2019-11-25;4;;3.7;9.07
1;2019-11-25;5;;3.8;8.7
1;2019-11-25;6;;3.8;6.96
1;2019-11-25;7;;3.9;4.09
1;2019-11-25;8;;4;0
1;2019-11-26;0.5;;1.6;10.46
1;2019-11-26;1;;2.5;10.21
1;2019-11-26;1.5;;3.2;9.91
1;2019-11-26;2;;3.6;9.75
1;2019-11-26;2.5;;3.7;9.58
1;2019-11-26;3;;3.8;9.27
1;2019-11-26;4;;3.8;9.07
1;2019-11-26;5;;3.8;8.88
1;2019-11-26;6;;3.9;7.02
1;2019-11-26;7;;4;6.48
1;2019-11-26;8;;4;6.15
2;2019-11-26;0.5;;1.7;8.95
2;2019-11-26;1;;2.7;8.58
2;2019-11-26;1.5;;3.3;8.44
2;2019-11-26;2;;3.6;8.33
2;2019-11-26;2.5;;3.7;8.2
2;2019-11-26;3;;3.8;8
2;2019-11-26;4;;3.8;7.64
2;2019-11-26;5;;3.8;7.25
2;2019-11-26;6;;3.9;6.64
2;2019-11-26;7;;4;5.07
2;2019-11-26;8;;4.1;0.85
1;2019-11-27;0.5;;1.9;10.56
1;2019-11-27;1;;2.6;10.17
1;2019-11-27;1.5;;3.3;9.89
1;2019-11-27;2;;3.6;9.76
1;2019-11-27;2.5;;3.7;9.67
1;2019-11-27;3;;3.7;9.34
1;2019-11-27;4;;3.8;9.21
1;2019-11-27;5;;3.8;8.74
1;2019-11-27;6;;3.9;8.6
1;2019-11-27;7;;3.9;8.33
1;2019-11-27;8;;3.9;8.13
1;2019-11-28;0.5;;1.2;10.53
1;2019-11-28;1;;2.6;10.22
1;2019-11-28;1.5;;3.2;9.93
1;2019-11-28;2;;3.6;9.76
1;2019-11-28;2.5;;3.7;9.61
1;2019-11-28;3;;3.8;9.25
1;2019-11-28;4;;3.7;9.26
1;2019-11-28;5;;3.8;8.51
1;2019-11-28;6;;3.9;9.59
1;2019-11-28;7;;3.9;9.44
1;2019-11-28;8;;3.9;9.3
1;2020-01-02;0.5;;0.8;8.36
1;2020-01-02;1;;1.6;8.98
1;2020-01-02;2;;3.1;8.74
1;2020-01-02;3;;3.6;8.08
1;2020-01-02;4;;3.7;7.44
1;2020-01-02;5;;3.8;6.92
1;2020-01-02;6;;3.9;7.04
1;2020-01-02;6.5;;3.9;5.85
1;2020-01-02;7;;3.9;1.4
1;2020-01-02;7.5;;4;0.3
2;2020-01-02;0.5;;1;8.85
2;2020-01-02;1;;1.6;8.4
2;2020-01-02;2;;3.4;7.9
2;2020-01-02;3;;3.7;7.52
2;2020-01-02;4;;3.8;6.95
2;2020-01-02;5;;3.8;6.35
2;2020-01-02;6;;3.9;5.3
2;2020-01-02;7;;3.9;1.91
2;2020-01-02;8;;4.1;0.24
2;2020-01-02;8.5;;4.1;0.04
1;2020-01-09;0.5;;0.3;8.69
1;2020-01-09;1;;1.7;9.49
1;2020-01-09;1.5;;2.6;9.38
1;2020-01-09;2;;3.2;8.9
1;2020-01-09;2.5;;3.6;8.58
1;2020-01-09;3;;3.7;8.17
1;2020-01-09;4;;3.8;6.5
1;2020-01-09;5;;3.8;6.73
1;2020-01-09;6;;3.9;6.32
1;2020-01-09;7;;4;0.58
1;2020-01-09;7.5;;4.1;0
2;2020-01-09;0.5;;0.4;8.56
2;2020-01-09;1;;1.5;8.37
2;2020-01-09;1.5;;2.6;8.03
2;2020-01-09;2;;3.3;7.85
2;2020-01-09;3;;3.7;7.36
2;2020-01-09;4;;3.8;6.75
2;2020-01-09;5;;3.9;6.07
2;2020-01-09;6;;3.9;5.05
2;2020-01-09;7;;4;1.2
2;2020-01-09;8;;4.1;0
1;2020-01-11;1;;2;9.59
1;2020-01-11;1.5;;2.6;9.41
1;2020-01-11;2;;3.3;8.86
1;2020-01-11;3;;3.7;8.03
1;2020-01-11;4;;3.8;6.82
1;2020-01-11;5;;3.9;6.89
1;2020-01-11;6;;4;7.41
1;2020-01-11;7;;4;7.07
1;2020-01-11;7.5;;4;6.94
1;2020-01-11;7.9;;4;7.04
1;2020-01-15;0.5;;;
1;2020-01-15;1;;1.8;8.76
1;2020-01-15;1.5;;2.5;8.9
1;2020-01-15;2;;3.2;8.54
1;2020-01-15;2.5;;3.6;8.02
1;2020-01-15;3;;3.8;7.56
1;2020-01-15;4;;3.8;6.54
1;2020-01-15;5;;3.9;6.56
1;2020-01-15;6;;4;8.82
1;2020-01-15;7;;4;9.26
1;2020-01-15;7.5;;4;9.33
1;2020-01-15;7.9;;4;9.26
1;2020-01-29;1;;1.3;8.36
1;2020-01-29;1.5;;2.1;8.75
1;2020-01-29;2;;3;8.5
1;2020-01-29;2.5;;3.5;7.88
1;2020-01-29;3;;3.8;7.05
1;2020-01-29;4;;3.9;6.1
1;2020-01-29;5;;3.9;5.13
1;2020-01-29;6;;4;8.67
1;2020-01-29;7;;4;7.19
1;2020-01-29;7.1;;4;6.18
1;2020-01-29;7.5;;4;3.76
1;2020-01-29;7.8;;4;1.9
2;2020-01-29;1;;1.6;8.1
2;2020-01-29;1.5;;2.1;7.85
2;2020-01-29;2;;2.9;7.58
2;2020-01-29;2.5;;3.4;7.1
2;2020-01-29;3;;3.6;7.01
2;2020-01-29;4;;3.8;6.21
2;2020-01-29;5;;3.9;5.22
2;2020-01-29;6;;3.9;4.12
2;2020-01-29;7;;4;0.55
2;2020-01-29;8;;4;0
1;2020-01-31;1;;2.2;8.78
1;2020-01-31;1.5;;2.4;8.99
1;2020-01-31;2;;2.9;8.94
1;2020-01-31;2.5;;3.5;8.28
1;2020-01-31;3;;3.8;7.39
1;2020-01-31;4;;3.9;6.14
1;2020-01-31;5;;3.9;4.89
1;2020-01-31;6;;4;9.29
1;2020-01-31;7;;3.9;9.79
1;2020-01-31;7.5;;3.9;9.74
1;2020-02-03;1;;1.3;8.44
1;2020-02-03;1.5;;2.5;8.72
1;2020-02-03;2;;3;8.48
1;2020-02-03;2.5;;3.6;7.45
1;2020-02-03;3;;3.8;6.67
1;2020-02-03;3.5;;3.8;6.03
1;2020-02-03;4;;3.9;5.95
1;2020-02-03;5;;3.9;6.24
1;2020-02-03;5.5;;4;10.37
1;2020-02-03;6;;3.9;10.72
1;2020-02-03;7;;3.9;10.73
1;2020-02-03;7.5;;4;10.43
1;2020-02-03;7.9;;4;9.3
1;2020-02-05;1;;1.4;8.51
1;2020-02-05;1.5;;2.4;8.9
1;2020-02-05;2;;3.1;8.63
1;2020-02-05;2.5;;3.5;7.97
1;2020-02-05;3;;3.7;7.17
1;2020-02-05;4;;3.8;5.79
1;2020-02-05;5;;3.9;9.34
1;2020-02-05;6;;4;11.07
1;2020-02-05;7;;4;10.85
1;2020-02-05;7.5;;3.9;10.89
1;2020-02-05;7.9;;3.9;10.83
2;2020-02-05;1;;1.4;8.01
2;2020-02-05;1.5;;2.3;7.72
2;2020-02-05;2;;3;7.49
2;2020-02-05;2.5;;3.4;7.2
2;2020-02-05;3;;3.7;6.88
2;2020-02-05;4;;3.8;6.22
2;2020-02-05;5;;3.9;5.12
2;2020-02-05;6;;4;3.36
2;2020-02-05;7;;4;0.31
2;2020-02-05;8;;4.1;0.07
2;2020-02-05;8.5;;4.1;0.02
1;2020-06-15;0;667;21.9;8.8
1;2020-06-15;0.2;413;;
1;2020-06-15;0.5;230;21.3;8.76
1;2020-06-15;1;90.8;17.9;9.61
1;2020-06-15;1.5;40.9;14.2;10.02
1;2020-06-15;2;17.4;9.6;7.96
1;2020-06-15;2.5;6.59;6.5;6.25
1;2020-06-15;3;3.03;5;4.68
1;2020-06-15;4;0.58;4.3;4.95
1;2020-06-15;5;;4.3;8.72
1;2020-06-15;6;;4.2;8.73
1;2020-06-15;7;;4.2;9.05
2;2020-06-15;0;1227;22.1;8.71
2;2020-06-15;0.2;702;;
2;2020-06-15;0.5;389;21.9;8.66
2;2020-06-15;1;130.7;19;9.73
2;2020-06-15;1.5;69.4;14.7;9.4
2;2020-06-15;2;27.2;9.8;7.3
2;2020-06-15;2.5;9.7;8.7;6.93
2;2020-06-15;3;3.74;5.8;5.65
2;2020-06-15;4;0.76;4.4;4.05
2;2020-06-15;5;;4;1.26
2;2020-06-15;6;;4;0
2;2020-07-10;0;1614.8;16.6;8.96
2;2020-07-10;0.2;960.6;;
2;2020-07-10;0.5;648.8;16.2;8.96
2;2020-07-10;1;217.5;15.6;8.99
2;2020-07-10;1.5;96.22;15.4;8.96
2;2020-07-10;2;36.09;14.4;7.58
2;2020-07-10;2.5;14.69;9.8;5.83
2;2020-07-10;3;5.96;6.7;4.8
2;2020-07-10;4;0.91;4.8;3.71
2;2020-07-10;5;0.11;4.2;0.21
2;2020-07-10;6;;4;0.05
2;2020-07-10;7;;4;0.01
1;2020-07-10;0;1664.6;17.2;9.15
1;2020-07-10;0.2;900;;
1;2020-07-10;0.5;591.5;16.6;9.05
1;2020-07-10;1;247.2;15.8;9.05
1;2020-07-10;1.5;146.16;15.5;9
1;2020-07-10;2;67.94;10.3;6.61
1;2020-07-10;2.5;22.35;9.6;6.26
1;2020-07-10;3;11.44;6.6;4.61
1;2020-07-10;4;1.81;4.6;5.24
1;2020-07-10;5;0.25;4.5;9.83
1;2020-07-10;6;0.06;4.4;9.8
1;2020-07-10;7;;4.4;9.8
1;2020-07-27;0;141.16;17.1;9.03
1;2020-07-27;0.2;96.12;;
1;2020-07-27;0.5;46.2;16.9;9.03
1;2020-07-27;1;20.42;15.8;9.08
1;2020-07-27;1.5;9.38;15.2;8.92
1;2020-07-27;2;4.72;14.5;8.69
1;2020-07-27;2.5;2.6;11.8;5.26
1;2020-07-27;3;1.55;8.3;3.62
1;2020-07-27;4;0.3;5.6;5.02
1;2020-07-27;5;0.05;4.7;8.05
1;2020-07-27;6;;4.5;7.92
1;2020-07-27;7;;4.4;7.24
2;2020-07-27;0;245;16.8;8.76
2;2020-07-27;0.2;111.21;;
2;2020-07-27;0.5;42.16;16.8;8.79
2;2020-07-27;1;15.75;15.7;8.74
2;2020-07-27;1.5;6.15;14.6;8.49
2;2020-07-27;2;2.9;13.9;7.87
2;2020-07-27;2.5;1.38;11.8;5
2;2020-07-27;3;0.7;8.8;4.01
2;2020-07-27;4;0.18;5.6;3.13
2;2020-07-27;5;;4.4;0.36
2;2020-07-27;6;;4.1;0
2;2020-07-27;7;;4.1;0
1;2020-08-12;0;1223;20.4;9.2
1;2020-08-12;0.2;921;;
1;2020-08-12;0.5;443;18.8;9.2
1;2020-08-12;1;174;17.3;9.4
1;2020-08-12;1.5;;16.4;9.2
1;2020-08-12;2;28.5;15.5;8.2
1;2020-08-12;2.5;;;
1;2020-08-12;3;;10.3;3.8
1;2020-08-12;4;;6.4;6.1
1;2020-08-12;5;;5.2;12
1;2020-08-12;6;;5.1;12.4
1;2020-08-12;7;;5.1;12.2
2;2020-08-12;0;1215;21.7;9
2;2020-08-12;0.2;680;;
2;2020-08-12;0.5;307;20.7;9
2;2020-08-12;1;128;17.7;8.9
2;2020-08-12;1.5;;16.5;8.8
2;2020-08-12;2;8.15;14.7;6.6
2;2020-08-12;2.5;;;
2;2020-08-12;3;;9.6;3.6
2;2020-08-12;4;;6.2;2.3
2;2020-08-12;5;;4.7;0.3
2;2020-08-12;6;;4.3;0.2
2;2020-08-12;7;;4.2;0.2
1;2020-09-20;0;964.2;13.1;9.85
1;2020-09-20;0.2;624.5;13.1;9.62
1;2020-09-20;0.5;349.8;13.1;9.6
1;2020-09-20;1;137.5;13;9.53
1;2020-09-20;1.5;57.49;;
1;2020-09-20;2;26.29;12.7;8.99
1;2020-09-20;2.5;10.9;12.2;7.8
1;2020-09-20;3;4.65;10.4;2.65
1;2020-09-20;4;0.65;6.8;5.1
1;2020-09-20;5;;5.6;8.97
1;2020-09-20;6;;5.2;10.47
1;2020-09-20;7;;5;9.88
2;2020-09-20;0;858.7;13.7;9.52
2;2020-09-20;0.2;509.9;;
2;2020-09-20;0.5;130;13.6;9.55
2;2020-09-20;1;84.3;13.4;9.52
2;2020-09-20;1.5;32;13.3;9.36
2;2020-09-20;2;13.26;12.9;8.69
2;2020-09-20;2.5;4.91;11.9;5.14
2;2020-09-20;3;1.74;10.3;2.93
2;2020-09-20;4;0.3;6.7;1.95
2;2020-09-20;5;;4.9;0.21
2;2020-09-20;6;;4.3;0.15
2;2020-09-20;7;;4.2;0.13
2;2020-09-28;0;204.2;8.4;9.56
2;2020-09-28;0.2;113.78;;
2;2020-09-28;0.5;50.05;8.2;9.58
2;2020-09-28;1;16.85;8.1;9.56
2;2020-09-28;1.5;6.23;8.1;9.56
2;2020-09-28;2;2.97;8;9.57
2;2020-09-28;2.5;1.27;;
2;2020-09-28;3;0.53;8;9.57
2;2020-09-28;4;;8;9.58
2;2020-09-28;5;;5.9;0.24
2;2020-09-28;6;;4.6;0.15
2;2020-09-28;7;;4.3;0.12
1;2020-09-28;0;132.43;8.1;10.01
1;2020-09-28;0.2;79.02;;
1;2020-09-28;0.5;40.87;8;10.02
1;2020-09-28;1;13.66;8;10
1;2020-09-28;1.5;6.68;7.9;10
1;2020-09-28;2;2.99;7.9;10
1;2020-09-28;2.5;1;;
1;2020-09-28;3;0.71;7.9;9.99
1;2020-09-28;4;0.2;7.9;9.99
1;2020-09-28;5;0.05;6.4;8.33
1;2020-09-28;6;;5.4;8.96
1;2020-09-28;7;;5.1;8.13
